,FGPerGame,FGAPerGame,FGP,ThreePointPerGame,ThreePointAPerGame,ThreePtP,FTPerGame,FTAPerGame,FTP,ORBPerGame,DRBPerGame,TRBPerGame,ASTPerGame,STLPerGame,BLKPerGame,TOVPerGame,PFPerGame,PtsPerGame,FGPerGame1,FGAPerGame.1,FGP.1,ThreePointPerGame.1,ThreePointAPerGame.1,ThreePtP.1,FTPerGame.1,FTAPerGame.1,FTP.1,ORBPerGame.1,DRBPerGame.1,TRBPerGame.1,ASTPerGame.1,STLPerGame.1,BLKPerGame.1,TOVPerGame.1,PFPerGame.1,PtsPerGame.1
Sk@Un,26.39285714,61.96428571,0.425936599,6.892857143,22.92857143,0.300623053,18,24.46428571,0.735766423,10.8,29.5,40.3,13.43,6.89,3.86,13.3,0,77.8,26.14814815,60,0.435802469,7.148148148,22.25925926,0.321131448,15.62962963,21.25925926,0.735191638,9.1,27.7,36.9,13.41,7.3,3.48,12.7,0,75.1
VC@RIT,24.59259259,61.7037037,0.398559424,6.296296296,19.48148148,0.323193916,13.2962963,19.40740741,0.685114504,13.2,28.4,41.6,12.41,5.81,5.07,14.4,0,68.8,25.69230769,56.65384615,0.453496266,6.923076923,18.57692308,0.372670807,12.5,19.46153846,0.64229249,8.7,29.5,38.1,14.46,3.62,3.23,14.9,0,70.8
RPI@Clark,26.04,59.32,0.438975051,10.68,27.96,0.381974249,11.6,16.36,0.709046455,8.4,27.6,36,13.36,5.96,3.2,12.4,0,74.4,26.08,61.92,0.42118863,8.88,26.8,0.331343284,9.88,13.96,0.70773639,9.6,26.2,35.8,15.36,7.36,3.28,11.5,0,70.9
Sk@Hob,28.30769231,61.23076923,0.462311558,8.653846154,23.46153846,0.368852459,15.23076923,20.84615385,0.730627306,9.1,29.7,38.8,12.65,8.31,2.62,13.6,0,80.5,26.14814815,60,0.435802469,7.148148148,22.25925926,0.321131448,15.62962963,21.25925926,0.735191638,9.1,27.7,36.9,13.41,7.3,3.48,12.7,0,75.1
VC@Ith,29.46153846,67.65384615,0.435474702,6.961538462,22.34615385,0.311531842,11.26923077,16.92307692,0.665909091,10.3,29.1,39.4,14.35,7.5,3.62,12.2,0,77.2,25.69230769,56.65384615,0.453496266,6.923076923,18.57692308,0.372670807,12.5,19.46153846,0.64229249,8.7,29.5,38.1,14.46,3.62,3.23,14.9,0,70.8
RPI@StL,25.96,59.64,0.435278337,6.72,20.68,0.324951644,14.68,19.48,0.753593429,10.9,25.6,36.6,14.16,5.36,2.4,15.4,0,73.3,26.08,61.92,0.42118863,8.88,26.8,0.331343284,9.88,13.96,0.70773639,9.6,26.2,35.8,15.36,7.36,3.28,11.5,0,70.9
Ba@RIT,24.59259259,61.7037037,0.398559424,6.296296296,19.48148148,0.323193916,13.2962963,19.40740741,0.685114504,13.2,28.4,41.6,12.41,5.81,5.07,14.4,0,68.8,26,66.2,0.392749245,7.64,25.56,0.298904538,14.28,22.12,0.64556962,13.4,29.6,43,11.24,6.76,3.08,15.4,0,73.9
